date,ID,FirstName,LastName,ItemID,,,,
5/1/2020,42ce897f-42d2-4d4b-abb5-ba160e81c112,Juli,Waren,c9dfb29c-5ad5-4593-99c5-7819c61bc83c,,,,
5/1/2020,8af622f5-4c86-4524-8376-ed85da4ca1a4,Carmen,Sandeland,8ec2cbf5-c586-4346-82f5-78a301dfee41,,,,
5/1/2020,f3eba227-17c0-4f97-b15f-178b474e5146,Thacher,Heinreich,eb2c66fa-3006-46f8-a194-ed23203c1833,,,,
5/1/2020,c4298402-9077-4404-be2f-0da329af86ff,Katharine,Garoghan,29afb55c-9f47-42f2-8272-4ffa432d4dcd,,,,
5/1/2020,40d7a754-85ab-4910-bf05-53d337f633a7,Noble,Radbourn,1701cca0-9dc8-47ac-912d-5a0dceb70cf4,,,,
5/1/2020,d12f7090-506b-47d8-b963-ad0bbb3d4dd0,Ella,Paull,217bd120-b601-44ae-80b3-d54ce52067e8,,,,
5/1/2020,2f0c04df-600f-4718-b1f3-68b003ba165b,Daven,Cobbe,da27efa6-3001-4a69-adcf-bc8f40610f7a,,,,
5/1/2020,bb1b5acf-eca4-4043-8122-5679607152f9,Ranice,Harmour,e36b823a-13a7-4c25-957c-ecff59f5a24f,,,,
5/1/2020,88076e09-f062-4af8-a243-84e9664445e9,Hallie,Nickerson,0289c420-4e93-4095-9863-3e531ea27911,,,,
5/1/2020,34f660c4-3e02-4f49-8bb4-7bd348ff737d,Phineas,De Micoli,c2aa61d0-2354-4ad8-870b-c8ebc2956d7b,,,,
5/1/2020,d7d4cbde-b504-4897-a6d6-80f61a42e977,Mady,Maddison,3bfc9da4-7b2f-47dd-bd50-2f2ac65c94aa,,,,
5/1/2020,ca038c4c-1ab1-4222-ae4a-2d64d7564cf8,Brooke,Chalfant,b890bb76-3105-4b9b-89f2-3efb5f158668,,,,
5/1/2020,24b598ed-cb9f-430b-b8fc-29e74eec04a9,Hermione,Cheasman,9a899e9d-343e-4d4f-ba4c-8f359baf49a7,,,,
5/1/2020,1d097bb9-83ee-4275-8ee9-3d7e8a1b4a59,Blinny,Merwe,f1d3f1c2-7d5f-4d3b-aacf-8140c6fbb187,,,,
5/1/2020,729f01f6-0cdc-4571-b708-59d67f74b121,Berkly,Ilett,3f095eb0-9baa-464b-a5ed-b49dda336ee0,,,,
5/1/2020,ddc782dc-6f65-4508-bb2d-80cbdca5ca4f,Marcos,Minett,80487ada-6788-49e8-a8e1-3740e2ed118f,,,,
5/1/2020,53409b77-465e-49af-9806-0d2da7fe28de,Jonis,Spieght,edcd4cec-e154-4ced-a7ed-cf525db79e30,,,,
5/1/2020,efe3463f-5f6e-40f0-9c1b-51d9e81c6262,Goldarina,Biasioni,d93fa12f-b216-4471-8a92-4498c049330c,,,,
5/1/2020,970b9c06-56fa-4a45-9959-0755c798efee,Tomas,Cometti,c4c00d1c-61ac-4968-bdb7-cf0fa31c90c3,,,,
5/1/2020,80b403c9-6c82-459f-a523-0f52879b2982,Merrily,Latta,e5cd99da-5946-48c0-807a-14d59c60ea4c,,,,
5/1/2020,af22ecd4-138a-4355-b795-095fd8ffc61c,Raymond,Klaassens,c73bac86-6247-471b-83d7-a46b4133431b,,,,
5/1/2020,e378270e-f0e8-47f8-9397-1f1fd18161bd,Rourke,Larvent,e2adecb9-edf0-4430-98be-7358cd318b21,,,,
5/1/2020,3b72adae-dde1-493b-90ed-02e195e61eae,Gerick,Fisk,8e1fb9cb-a8ba-4e26-8bc0-13d25ee7221f,,,,
5/1/2020,ddbbaf00-c71d-428d-99a6-4567be8a2294,Nobe,Coventry,609db5ea-6b65-41be-919c-38684884a62a,,,,
5/1/2020,5b32ab60-68dd-45df-bdb8-ec686e06f668,Tobe,Patise,8bdba782-5122-45bf-9b20-03223067e4b4,,,,
5/1/2020,a321e1c4-535d-4d48-9ee2-053f3522c4c4,Standford,Twycross,2efd763a-adca-4ed4-82a9-8624e70edde4,,,,
5/1/2020,327a380c-d462-4617-93e9-7690bebce41f,Tammi,Truluck,83801e53-09e3-4fdc-bc8a-cad9ed241ccf,,,,
5/1/2020,223acb88-c2db-460a-975a-0c632ad3c118,Clarissa,Berends,55cdb8d1-b8ec-4548-9cba-bec18843e4bc,,,,
5/2/2020,6e661d77-af3d-48cd-81f8-f5a4a7e19868,Anna,Comer,ed44be98-58fb-4b9e-9e4d-3d4ca04b6bd1,,,,
5/2/2020,ff6b4a67-759e-4af4-bffc-78e368c05bbf,Angelique,Josefsson,8ed785d9-d2c3-4b70-80d4-13562bddce1d,,,,
5/2/2020,5cbbe2aa-bb59-437e-a7dd-a9bb4abdf89a,Jandy,Gehrts,24198e07-71e0-43e9-a7f0-fb24c2bba2c9,,,,
5/2/2020,2cc183a6-b962-4352-8110-27708424ba17,Papagena,Elverstone,8433900a-3ec8-43c4-8c71-d6cffeea752d,,,,
5/2/2020,e1d7b94a-2fb9-4555-a0dc-5ed7336f1ad7,Gus,Beaglehole,dadffe36-988e-4971-bcba-97073d0baa86,,,,
5/2/2020,5b8eb35c-e449-4f82-aaf0-5d50c343ebdd,Anderea,Ivachyov,1f47dc4a-a727-41b2-ad4a-8599411692bd,,,,
5/2/2020,6d2419ec-743d-4abc-845b-95f93a761681,Oralee,Pinnion,a1b4ece8-3beb-4082-a6aa-dc5aff9724f5,,,,
5/2/2020,a9c74b74-d313-4936-9e7b-ce804e3354dc,Skipton,Penhaleurack,2c34c5f8-5463-454d-8aa9-10edb9b749dc,,,,
5/2/2020,606d49f5-2291-4330-9365-bf204a9be9bd,Elke,Warrier,ebdb33a3-b736-4e39-b43d-e02ff9c767a0,,,,
5/2/2020,14d934ad-4154-490f-adf8-dcd7b4263f29,Goldy,Cuel,b2ac9943-5bb3-4a7d-89cd-6ecde0024209,,,,
5/2/2020,c0356618-c3e9-4ce8-ba14-6fdbfe9386b3,Eadith,Hatton,6647e770-859f-477c-a2aa-66904f5936e9,,,,
5/2/2020,169f4b51-b2d1-43d9-80c3-de9a04103876,Jack,Voyce,7595df76-ce96-4e8c-8801-b09c4de714ff,,,,
5/2/2020,41e34de4-b155-44e1-8ffd-74e1f52942bb,Salim,Bouttell,373526cb-01cd-4c0f-b268-f850cafc4ceb,,,,
5/2/2020,70dc52b6-f747-4286-bb04-555e10283f0f,Margarethe,Python,44a46c58-a36e-40ab-a507-d9ecf385ff1c,,,,
5/2/2020,7654d8a5-580e-42d0-987a-83a2da76c651,Blair,Brandom,aa9dd094-04ed-484f-9f44-a43771c69665,,,,
5/2/2020,c6a01afa-ec2e-4ea7-b97a-86f8c7f92620,Margit,Rodbourne,9f75cbb9-2bc7-4e5f-b9df-562c0aa5feae,,,,
5/2/2020,5032d79c-bfd1-41dd-bec0-fe0ea13488c7,Hakim,Huriche,8da5e8ab-6c55-46d7-ab2c-844801cc2e91,,,,
5/2/2020,ed557b83-b751-406b-aac5-290af3ad14a1,Tasia,Weed,b24f45aa-d86e-4dcc-8d82-5837c7c9b03f,,,,
5/2/2020,a75f7654-6b09-41ff-9ad6-bb8e50c694d0,Rosemary,Wilds,6ce33797-e6e5-4691-b497-8db679b8d045,,,,
5/2/2020,ad453e74-842b-4d55-9751-35c0fead0e45,Klarika,Dabbs,7786c0e6-578c-43af-a57a-a0e398007568,,,,
5/2/2020,69451a81-75fe-4d89-9d9a-238b65bace3b,Agretha,Sowten,5095dcf9-78e8-4de8-8aec-3447f4559eb8,,,,
5/2/2020,1c6ef830-4985-429a-8d37-4d49c27aa59f,Penny,Crosland,0bd44018-aa3e-4461-9add-c1ecb96f5002,,,,
5/2/2020,d28fff44-d2a4-4bb8-8708-fa604ce92e69,Henry,Roberto,5fa18628-0007-4c8c-8ee7-bcc0edd599dc,,,,
5/2/2020,2a6f0233-bc33-4d00-87e5-d71818d8fa67,Nolana,Baudy,a884ee0d-532a-4b38-acc4-f01ee40816b4,,,,
5/2/2020,3ea40b02-f900-40f4-8cf7-82226ec531cb,Lannie,Woodcroft,adb802d6-e8ca-4939-95a5-0e7265aab13a,,,,
5/2/2020,496839c0-598f-4ff5-a940-bc84c736a797,Augustine,Conaghan,f87b1399-c0bc-4553-b466-a85b27bf60fa,,,,
5/2/2020,e27a9580-ac3e-4039-be37-10590d99fe8f,Grier,Summerside,ed17864b-d1fa-47a9-82ee-d108db13f129,,,,
5/3/2020,6eaa15b7-7cda-4240-82d7-647812e740aa,Marsha,Freezor,b4ad51fc-a5dc-4357-b401-8550d9bd9c63,,,,
5/3/2020,1be2e9c1-27b1-457d-832e-e82d93217503,Oliviero,Collyns,ddc56600-065e-40a3-839d-8377377abea6,,,,
5/3/2020,bb779e7f-5e8d-4a8b-a3f9-219168b12180,Yalonda,Fidgin,0ed60e48-eec8-424e-ac18-1118856f5347,,,,
5/3/2020,dd6fcf1b-5adc-41a7-9887-338a417b93cd,Bartlett,Baldelli,9f007059-aa9c-4865-9a78-5060584179a4,,,,
5/3/2020,c6c451d7-1105-4364-bd98-8e93bcfd53b0,Marthe,Myers,6aa069da-9f93-4dbe-8b0b-e83fbae019cb,,,,
5/3/2020,d1ddf62b-658d-4c76-b371-cb5b3183b200,Nertie,Goodings,d4227cfe-a3a3-4e73-b753-2b4977412000,,,,
5/3/2020,0a31a197-bafd-4df3-8fcc-49f1804ec761,Talia,Banbrick,4ab5c14f-a2b3-42fa-bead-b9f06aa9c22a,,,,
5/3/2020,6e449695-ed24-4978-a022-987ad32359fc,Petronia,Papworth,09483024-0f41-4744-a480-f23103e78fe8,,,,
5/3/2020,7232ba7a-085d-48ce-b00e-b60a7910d4f5,Kath,Mordey,3f79e3db-9eba-4647-922c-e1d7754c7083,,,,
5/3/2020,628286b0-c712-4a7b-8407-1c78077b3d86,Hodge,Greatbatch,dca4fea2-e727-4802-832c-4345683ad9e7,,,,
5/3/2020,a1b599f0-e36e-443d-a16f-2af05f595897,Bathsheba,Mauchline,782dadee-79b5-4393-a98f-49ac5a519998,,,,
5/3/2020,3e9849cf-1f3b-4a86-a8e5-53fca8584b79,Vonni,Millyard,2a710189-d56b-416e-a792-c74edd54a37c,,,,
5/3/2020,a0d7eee5-3f7c-4b8c-b70a-4079bceafcea,Ranique,Kersting,30dc11a1-17ba-4d87-ae7a-e6d8c2e84f7b,,,,
5/3/2020,37dd2cb6-aad6-480e-959b-17a81ae1c950,Diandra,Kemmey,5ca9352f-7fd5-4101-8682-f09d878abcd7,,,,
5/3/2020,65209809-f2eb-4a9f-8790-a110f52ae9a4,Man,Charters,4edf43c6-54cf-47ac-a420-e4052f940df1,,,,
5/3/2020,c8fa5244-fb23-4ee6-8c54-85a8c22b5d43,Rossie,Elsdon,2857ac79-e8f5-4348-baf1-e047c173c972,,,,
5/3/2020,5973c317-21f4-4e88-894d-1852eef73e9b,Greer,Sporrij,33b4f1b2-391a-4cdd-897a-ac00217c1ba5,,,,
5/3/2020,ae2c0160-29d3-4acc-ab2f-fbf58a0c6f31,Gwendolyn,Bamsey,e3cf2b7e-e84b-44d1-9a08-3d2ee2b32661,,,,
5/3/2020,7afcf061-cf6c-4ef2-bdff-9fefcce18fcd,Nanette,O'dell,9137c4b0-a0f1-4ccb-bf57-6902a90ad4b5,,,,
5/3/2020,91b980f7-2483-4280-a0a9-4d6e6cc6a077,Viviene,Risdale,4882408e-fc1b-4172-a60b-b99d5e811995,,,,
5/3/2020,388e17e3-86b5-4de6-9b2f-fcd49515b9a3,Frasquito,Monier,11042c56-a399-46ba-a6fb-137858fecf49,,,,
5/3/2020,42aeb22d-1222-475f-b1df-6daf35ecd01f,Billye,McAlroy,3a5b2aed-d939-4165-ab98-7c923efc4618,,,,
5/3/2020,0e23f7fa-985d-4f02-8502-11e11185cca2,Field,Walden,77ccfd9f-ccc2-45f5-a23e-48f46a7a8e8a,,,,
5/3/2020,6412dad4-df79-4e57-b9be-cbde1e5745db,Jamie,Ricciardiello,eaffa9b0-848b-4b2d-b6b8-5971ae190a5f,,,,
5/3/2020,c9235d99-a9a6-476d-864b-e85d3f57c41d,Bond,Enrrico,4cd8e14d-5d62-4008-9258-1bd96d268772,,,,
5/3/2020,da744b51-b6b1-4f73-be9d-f62335cbdd8a,Nonah,Durling,716388a9-d2ba-448c-84cd-1f706ff9b86f,,,,
5/3/2020,f42a0fbb-80a6-4659-a893-6ec6b6055bdc,Dewey,Prawle,0bc98b88-04e9-476c-a6ff-4f671d3d35be,,,,
5/3/2020,eb58d40a-c510-4c94-83cd-8e42475142a3,Dorelia,Rowthorn,5f148bbd-eb00-47ba-bf16-0949643d4167,,,,
5/3/2020,346e8f6b-6149-46ac-bba5-bba8d500327e,Davie,Badrick,ac44dd7c-3514-4d5b-8f9b-31aeb6269c2f,,,,
5/3/2020,10e89c34-ca23-43b3-8022-33e85421b738,Jacky,Plumley,e2329873-23de-4b66-bf61-02dfae32de49,,,,
5/3/2020,35fd09dd-91ee-4e32-9fbc-88c5dd921228,Demetra,Guillond,43850226-94d6-4ddb-9875-06bde0abfb50,,,,
5/3/2020,3570da91-ba87-4ee1-a147-f101a1b4893f,Dredi,Helks,61cca76c-7905-4f85-8335-5f6da48f5634,,,,
5/3/2020,53a69982-fdd6-4641-bd21-2b6a8f8707cb,Misti,Emmert,7cb8f73c-19df-44ba-ba89-29f9b33fcaa6,,,,
5/4/2020,5cb1c86e-4f86-47dc-99b0-31e37a7311b3,Gerald,Sennett,a0e2d525-81d2-4157-9078-793ab6b68fc0,,,,
5/4/2020,866b74f4-3f46-4e72-9c8a-f941523af010,Ranna,Duckhouse,1c2b3f6a-f473-4bcc-8b88-f4c4756e89f7,,,,
5/4/2020,4ee621bd-2738-4ae3-99a7-83db49d1bf81,Kristofer,Lorking,4e917325-a963-4c6d-9aca-b564ec9c9b06,,,,
5/4/2020,c50a3697-ddf1-459d-aca9-a84df7b5d761,Humfrey,Gilffillan,4b116415-93bc-4c7c-8751-dfbfed49f6eb,,,,
5/4/2020,639abead-b29e-45b0-a3e8-609b38cab6b6,Alaster,Treffry,a2f9c5a4-5cbf-4a66-ae68-8aaee4305177,,,,
5/4/2020,7a3c815b-5b2a-4861-a205-1fcb9d6ab239,Jaclyn,Trumper,49bdf68c-77b9-406c-b235-bd9308bfb510,,,,
5/4/2020,4148a109-60b4-41a0-a8d4-6009ebe5d978,Burr,Caughtry,1c40b06e-5df5-418f-bd51-9728f4c9c13a,,,,
5/4/2020,f0c9d249-56fd-4cab-806f-bb0accc0114c,Kris,Elcock,136cf9f4-5142-4542-8753-155e01d58d97,,,,
5/4/2020,ff26406d-0a19-46d8-b84b-8bdf4dfc31ac,Teresa,Donaldson,57e6393b-346b-41f1-a63e-cef200e4e2c5,,,,
5/4/2020,cd8a39a4-4844-4894-884a-13e6d39d2b20,Oralia,Masser,77cc7484-0b36-4fb1-8e35-2c9d6979c982,,,,
5/4/2020,7c40c9e4-a1a2-4b2e-ba1a-62cf845c3ee1,Emelina,Outright,70c8a481-bd00-4980-b385-445da5e98cc3,,,,
5/4/2020,f829b78d-28e9-4dd8-b115-a5f21cf7ddbd,Sophronia,Phelips,6c1be35c-0641-47a4-a6ac-cc8f2ee60d41,,,,
5/4/2020,319476e3-339c-4710-8f89-b78111903a5c,Walther,Gruszecki,389b5df5-4fbf-477f-85e3-c521b1ea9e6b,,,,
5/4/2020,0af8b4ba-1fd3-409f-8381-215112fdfb5a,Arliene,Spellsworth,b07e7649-da53-470d-a2fb-24bdfdc28cb7,,,,
5/4/2020,3581efc6-bf69-42d6-ab17-c91dd9d72204,Rori,MacFaul,b6b20bb0-7e32-4570-9f72-71ca603b8bc1,,,,
5/4/2020,8fe36e83-162d-46db-a819-009869f85061,Kristine,Monaghan,8149e277-429c-46ca-a679-ef72878ac46f,,,,
5/4/2020,6d2a13f9-5d9e-4820-a8a8-ffde8ca458c1,Eduino,Geffinger,3673dc55-251a-420c-ac8c-ad623cb73b0a,,,,
5/4/2020,7a40ddab-306e-425c-92d5-ae7623ce4f12,Faulkner,Guierre,9745ef5c-eea4-4829-8be1-128ad696ecb2,,,,
5/4/2020,640b9b05-3e53-4c50-a8c7-d494b37ca368,Janna,Lusted,6ff08280-1e2e-41c5-a7c9-9694ce480a07,,,,
5/4/2020,aaa53d14-c9ef-48dc-b042-99ec12e83354,Sam,Duchasteau,8738dc02-96d5-4b7c-a7cb-6eb0a5838757,,,,
5/4/2020,6437ca85-4cbf-4596-9c75-915d5096eef7,Brigitta,Kennerknecht,a405d0aa-ea80-47ae-b106-2b063e880f13,,,,
5/4/2020,b3e5650c-0d04-4432-a791-7bfdc890690b,Inglebert,Spykings,149fde0e-40bf-4690-9dff-ff5523de5622,,,,
5/4/2020,f1f7e43a-96e3-4ca6-a8e8-bb0c331701f9,Tamma,Linley,2fdd2cf2-4751-4c60-befd-460738b2c1dd,,,,
5/4/2020,cebee33c-7f5a-423a-ac41-f5b2551bb211,Milli,Cristoforetti,722f8fb2-e8e4-4515-af8e-ccc09c641455,,,,
5/4/2020,4d210525-e62a-4a8b-968f-307ca6be2028,Edith,Sandwich,7af127b4-0971-4486-916d-ce5fa728994f,,,,
5/4/2020,aaf3b73e-7857-47f3-bafe-2dbce6444c2c,Lawton,Pfeiffer,b226dbba-0aac-4228-af63-d16a4eb357a3,,,,
5/4/2020,c4a68639-c287-42da-83fb-f4a8ff1fdb20,Kirstyn,Kite,860a66eb-5225-4869-bd8e-c7c1c5c92a1d,,,,
5/4/2020,8eece1bd-56cd-44a2-9ed9-26b57c5e63ff,Ronalda,Poge,85191884-9962-4324-85d6-877d6df87295,,,,
5/4/2020,01609387-0967-45ef-b66a-b9dd8d6df1de,Miquela,McIlwain,f8ea59fc-ff97-4542-b67c-e3e14f0c0efa,,,,
5/4/2020,61dcd06d-a5c4-4435-b862-15230b46a38d,Freddie,De Meyer,46e6523e-14a3-4fe0-8ab6-56475a1ac4ab,,,,
5/4/2020,15517fbf-59a4-4d4b-9774-34fc2a669585,Marlowe,Apps,5278a480-309b-41af-a411-46a2ef5413f9,,,,
5/4/2020,8e8c110a-1cb0-4111-81f5-cb0fa58d5200,Imogene,Anstee,5b63964f-73da-4a58-a363-377a8c5d72d6,,,,
5/4/2020,215b2e17-71ee-440d-be85-343c17516a87,Waiter,Kilbride,cee5a7d5-c2ed-44a9-818b-8599e13beb33,,,,
5/4/2020,1504ed53-17fd-48f2-b53d-50042aacf669,Menard,Ugolotti,5c1f170f-d0a7-43a9-a8da-2bb6098a3234,,,,
5/4/2020,eeb3b453-25e5-4df1-aae2-5482194df8c9,Veriee,Kett,ee6fb558-5e75-4194-8ec0-a45e4f82cab9,,,,
5/4/2020,294245c7-0950-42ff-822d-da95dc1fbdd3,Amandy,Dimitrijevic,9884f28b-fd7b-4089-878c-cd30e2e1fca5,,,,
5/4/2020,180ee3ac-a61d-4509-a0b5-436c9aee4475,Dede,Baggett,786bd5c8-6aaf-484f-9e2b-6f9ab419de89,,,,
5/4/2020,fb78fa68-a2f6-48d8-9835-3db5966bd56d,Esmaria,Bavage,227a2c05-52e7-45ac-a48d-a843454a1431,,,,
5/5/2020,37839d2c-9869-4e87-a74a-2cd0765b9486,Frieda,Eckels,6a454764-6e23-418d-96c7-630e4ccf1e20,,,,
5/5/2020,915540f5-d8fb-4f9b-b905-a8ea2d924f66,Mikkel,Pryell,9cbb644e-9fa9-4132-a2a1-1f5f5bc11885,,,,
5/5/2020,fdfdd686-8d7b-4d61-8feb-c696c707313a,Katina,Hobbema,42b40390-5666-42f6-9703-2df3fdab6f13,,,,
5/5/2020,62717f93-7462-40f1-aae9-0f9f5242caa6,Lexi,Wilkinson,50f9d7c8-3f71-46e6-868a-903c529d3f81,,,,
5/5/2020,db4542a1-5dc8-4ac2-bbde-bd1bf7f42430,Darius,Mervyn,9bf637ba-212a-4667-b01f-f688ce679d6b,,,,
5/5/2020,3be0a404-5b66-4bbf-8555-22a12cce317b,Vivi,Rosson,da07bd63-f6ad-4c7f-a11d-e708cfe3712a,,,,
5/5/2020,b180500b-7b27-4791-a667-b0d3e7fbe665,Jada,Stanbury,bbca3fbf-0166-473a-a437-704b00d9554f,,,,
5/5/2020,a3596d12-a80a-46e0-adad-c31ffc508786,Aubrie,Bilovus,1c879744-e715-4384-9831-32332227fd01,,,,
5/5/2020,79347943-c5c0-423c-8319-dcf1712fb3c6,Tom,Brolan,cdde7cee-16ee-4b47-a628-5f5b9339561c,,,,
5/5/2020,3e0052fa-6e91-4c4d-a843-9a8098080a4d,Arlee,Freckleton,661b3684-e22a-497c-bbef-ac5b3cdeb5cf,,,,
5/5/2020,14e2bf63-61dd-4189-a145-0d69d521ca8f,Reggie,Porch,e8486d95-ac59-4f50-90dc-b91342ee8e9d,,,,
5/5/2020,55b51ae0-634e-483e-8668-fc5920a8d1c0,Hermie,Mineghelli,554c972a-e641-4bf3-80db-467488c7ed1b,,,,
5/5/2020,f5720507-6dbb-4f35-ab26-02f6b944cd8a,Lorain,Chritchley,193ecd36-7510-486f-9a27-5fb8e3a46173,,,,
5/5/2020,ab535f81-a752-450b-b816-d9ef8e39a1d7,Judd,Roll,dd633972-12b1-473d-9db6-e7c6993e1512,,,,
5/5/2020,98834bf4-464f-400e-9d51-ad809f9721bf,Katha,Vasilevich,02d46d40-1703-4f9c-b609-a7004068cc83,,,,
5/5/2020,db86a461-1e02-44e7-afb2-6d2e84418071,Rod,Ridgley,8bbdd34d-314c-44ca-b64d-47e54035a917,,,,
5/5/2020,3ca6f511-f139-46c5-93c8-aa8e6f00cec5,Sofia,Sommers,4be1e270-101e-4062-b5f3-89d7c981c335,,,,
5/5/2020,43d49947-a74c-4c7c-bee8-69fbf631903c,Rosamund,Dengel,70078258-bd7f-4d91-bce3-8827594c6bab,,,,
5/5/2020,196da0dc-118c-4109-a9e7-5dd1e4c19092,Agace,Paterson,04ec9fec-58b1-41e0-bc91-e44e55837736,,,,
5/5/2020,44ddb958-c1b4-40f4-8db6-23e9e13719a9,Kathe,Pilgrim,62a10005-8b37-471c-bd3d-dc20806d461d,,,,
5/5/2020,b74a32d7-35b7-4d6e-bf1f-74fd25a814cb,Jocko,Ambrozik,951029d5-bd4e-409a-a540-1c49af92cfd9,,,,
5/5/2020,44b41466-52d5-4743-a523-aa5927fd5b57,Gerhard,Manketell,8991daf7-5fe2-4eeb-8c1c-87f92652145b,,,,
5/5/2020,d49a93f9-c64b-45b2-b711-5c9236b7bd16,Charmian,Cremins,9927675e-26ab-4b2a-9b2f-a6c4869901ff,,,,
5/5/2020,c2e71ec2-3bc1-4aed-acd0-2fe11b7718fd,Uriah,Heningam,9ef8c543-cecd-4f40-a237-ca1b887f04b2,,,,
5/6/2020,ee992b24-42d8-45f9-8f97-5710f35298ac,Laurice,Trassler,63ffba95-cb12-4960-8bfe-ec4d2bba55df,,,,
5/6/2020,681fa7a3-b615-43df-870d-036ec6f95ffb,Jillene,Lydon,14358a7f-8266-4bf5-a76e-bd04d41a1b62,,,,
5/6/2020,2fd571b1-4506-4cac-b0a5-ae4adcd4c647,Saraann,Willcot,7f14dfb7-b01a-4215-badd-6ed852fa5499,,,,
5/6/2020,c3f2433b-9526-4040-a254-843566e5bfd1,Kimbell,Rostron,e872b86e-d3a5-4044-bd9d-bb10b7dade6f,,,,
5/6/2020,4d460b64-79f6-4030-b6a1-0ee142f306c9,Haroun,Da Costa,6bc24214-bf4e-4515-baa6-67e4556d19fe,,,,
5/6/2020,974f2a25-1aea-47fb-95a9-609fb19b479b,Ailbert,Comfort,89aa525f-a160-4759-b2fb-95aed400bb96,,,,
5/6/2020,df478262-88cb-42ff-8cdb-7e7ef2f5b1ee,Jamie,Conichie,40db503f-563f-4cf6-9156-dc2bc4a36827,,,,
5/6/2020,8463c407-78ce-44de-88ed-3f85195bda47,Everett,Tibb,9d59c116-775d-46ae-a566-a954b67e3f5d,,,,
5/6/2020,c0aa0e59-240b-4859-b7c3-3018a288d1d6,Merola,Aleswell,18a977c3-c7f1-4abe-bd51-ddaeac4a50a3,,,,
5/6/2020,579e9590-04ae-4761-9a33-5b3f48ddb094,Omar,Beck,1c81f0a6-6abb-4d0d-b426-a9473c4ef959,,,,
5/6/2020,e19ee5f2-3b4f-4400-989a-2775fc8d8c66,Hailey,Chiommienti,23b5164c-7221-4cfe-ab00-fdd7694a523e,,,,
5/6/2020,8259c0c0-c271-4e91-a0f6-466379389ee6,Sayer,Nund,03d5ac9a-a865-4ca0-9f0f-cbd8458c00c0,,,,
5/6/2020,b0b6bf7d-9947-4d14-a163-285db10f9e09,Isa,Giannotti,0dac81e0-4361-470d-89d9-6f7e7797c147,,,,
5/6/2020,21a91c10-5306-46fb-8905-e1b4a54addef,Murielle,Dykins,6976830b-5dc6-4b13-ba8f-5b0a56fdc66a,,,,
5/6/2020,23bcab3a-aca1-428c-8ccc-dd279b27300e,Harrie,Joplin,348cd203-111a-498c-b3bb-e99730f47406,,,,
5/6/2020,b2ebce3c-96e5-4208-8fc5-192a2e6cdc96,Marlene,Dubois,56e71f56-f8ef-455e-bb0c-1093c2d42264,,,,
5/6/2020,20ad73ef-140d-463b-93f9-3951503764f6,Avigdor,Barlace,0c7ad55f-0df9-47f5-b194-02ba1600a218,,,,
5/6/2020,cd64391b-bf21-4cc9-bda7-959a1ce64a81,Bili,Bibbie,42a67d65-95d4-404b-a089-b2166ba43e45,,,,
5/6/2020,b633aff5-063c-42f8-a9bd-6d015229d089,Dore,Ricket,5f6ce96a-4a20-4301-b18f-98a389bda81c,,,,
5/6/2020,b6738358-a6f3-4bcb-a15a-62ffcb0c5a30,Juana,Buffery,7ecd07f2-1378-42e8-9f8f-9af3c7653439,,,,
5/6/2020,b640d7f1-b649-4576-92af-cb39517b1828,Godfry,Touson,1ad905f0-6bfd-41b7-ba23-19bd9a50f3a0,,,,
5/6/2020,4ab9ddb0-ff01-4fb2-8695-26763364f0d8,Noami,Grigoriev,50c932c9-848a-45d1-9bf1-c8c74f53ce7a,,,,
5/6/2020,d56a7f0b-f152-4592-93a1-79adb3c45a0d,Kennett,De Blasio,ce3e7e80-f180-42ec-96fd-bd3c6017114d,,,,
5/6/2020,92eebd65-56db-4239-8aa8-e6888605dd70,Ninon,Omrod,89809805-d089-4e76-83a3-bee262348ae1,,,,
5/6/2020,d2e8402f-6a1a-4ead-bb4d-e030e67dd43d,Lynnette,Helliker,a26f101c-1251-40d3-9a1f-743ce4f490d7,,,,
5/6/2020,cabdcbb3-71b0-4272-9733-a46d090cf858,Deck,Umpleby,4d6badd2-d1ee-428c-ac29-f25b0c476871,,,,
5/6/2020,0b0cd037-0675-4256-a072-90f008e2adc9,Valery,Mill,afb06ec2-e887-4fb4-9cbf-65b672906a3b,,,,
5/6/2020,6549fb01-414e-4019-8c9c-24c07c666027,Kelly,Ravillas,5377480a-e682-4609-a28c-0ac7a1519064,,,,
5/6/2020,456762fe-ab6e-46b3-84a4-d08f23f04692,Shanta,Romanin,4643ecb3-fa03-4b22-8a16-7ac3954b0340,,,,
5/6/2020,98ccfdbd-f9a9-494b-9d6a-cf6d03784025,Kit,Lowing,eaa53a09-7b23-4a58-b4ee-fcdcd3ac8a4d,,,,
5/6/2020,7e4f8eaf-df38-494e-b2ea-4360e72c4c75,Celestia,Grimsditch,3284d644-e20a-4f31-8f02-9e8155c76559,,,,
5/6/2020,6200fc22-c6b7-482d-9b1f-6a36cc0046db,Tabb,Rumbelow,43e07055-4698-4e33-a4d5-277035046f8d,,,,
5/6/2020,f15f97a3-c3d0-45b9-915f-c16bdc2f622a,Ewen,Bonney,eb7cf21e-8e00-44f4-8190-36cedd087d61,,,,
5/6/2020,3f87b317-b1f2-4f28-ba20-197762070d54,Deeann,Pringle,821d9af2-56c1-4296-a597-69e80123bc36,,,,
5/6/2020,f60e35c7-1b6b-4f1a-b709-002ac8458771,Norene,Daborn,b2eeefaf-ed3c-428f-9b08-3d4e55ff2bb7,,,,
5/6/2020,7f258b9a-f9e5-4e29-a3d9-5a08fdc073fe,Iseabal,Fatkin,b5d4b590-5602-49cf-97c3-417f292424f8,,,,
5/6/2020,16e4e473-6dcc-4e83-a26d-2f986e07d580,Mariette,Carillo,7e9bb5f7-6bcb-4b25-9e8c-a2cdc9f5cc53,,,,
5/6/2020,a3f80a42-6e60-4b54-ab07-07e7c12c70e1,Rebe,Bondesen,db517e8d-0a7f-4e20-b183-bfa9c0e6ed07,,,,
5/6/2020,a5580359-d92f-4a45-aa89-a8ab4a2ce79b,Fabio,Van Oord,5cf4057f-c0f0-44ed-8588-76b83d2bebb1,,,,
5/6/2020,2d8706a9-d0d8-4e39-af0d-499056b6a772,Maire,Woolbrook,e10b5738-7c21-41c8-9aff-e514585e8e5f,,,,
5/6/2020,156cb214-9a54-486f-ad77-161aa972c4bd,Elwyn,Tremain,c7d7dd02-a342-4b72-a544-3e3c5517c2f6,,,,
5/6/2020,fbf60ec9-5b79-44e6-9dad-f90a73fe8e14,Tillie,Swafford,ced43eaf-451a-4db1-ab6e-8b0be79404e6,,,,
5/6/2020,2156314c-3320-497b-adec-fd7e16386e4d,Truman,Crosier,7eabba83-6b5e-42fa-adb6-320b548facfa,,,,
5/6/2020,189c65ec-7ba7-450e-9ab3-2b668a3a4887,Levin,Corbin,55acdf94-0e9a-4922-bfd6-18b762b2cee1,,,,
5/6/2020,5dbc6f94-53dc-4a76-a811-806ee78d0338,Melonie,Johann,e9301832-403f-4fe1-b75e-f5255a17671d,,,,
5/6/2020,bbb341a4-53c3-4103-9d76-6657fe060cf9,Gaylor,Bosward,bdb3abeb-a623-4df1-bcfa-fdc7c33fd271,,,,
5/7/2020,33fd7a91-7553-4dc0-8603-ffc521adcad6,Mavis,Naisbet,634a3eaf-93ae-4c56-b9fc-83885b63b766,,,,
5/7/2020,8efd30d0-4abe-46ff-a526-43d96897858d,Katerine,Dumbarton,6c1cb595-3ef6-470e-a15c-4ada3240a63c,,,,
5/7/2020,49e8a105-5050-4dcb-9a8b-0eb00780052f,Leanora,McKeran,04edc14a-ccdb-4290-9511-819d5a7d32a2,,,,
5/7/2020,f1b61e8e-2a77-4093-a734-a767d648693f,Zena,Rome,887763e7-5371-474f-add3-57d0a7b9828b,,,,
5/7/2020,541f04d6-4e47-4890-953b-5a0eca8ceda9,Colette,Briars,1e96204f-3a07-4800-af45-5249935ea60f,,,,
5/7/2020,50743b1b-bf12-45d2-979b-5e131ac77ce8,Shandie,Jurczik,4e3ec5f7-71c2-4fa7-a4d8-bac66cc9bf31,,,,
5/7/2020,1f6ffe89-4a88-4c99-91bb-eb179f1380c1,Helen,MacConneely,1fc86e69-f115-495e-a8dc-690dc795a7d8,,,,
5/7/2020,e7038e44-21ce-4171-a3b4-f3ed7958266f,Dulci,Lusk,27b6a817-825e-4be9-bb84-cfb42b87f344,,,,
5/7/2020,d63075e1-b56b-4ee1-a9c8-905c88a14277,Tom,Brigge,5566ed05-8216-4e7c-97e4-1afe33de4517,,,,
5/7/2020,6437fd5d-95b3-4ae6-b2ab-2a98db9f0d29,Drusilla,Hamley,f4e131a4-24cd-4ade-b7d9-e5b338da8a6e,,,,
5/7/2020,094cfd2b-dbb8-4742-b302-2b17db4763c7,Gilberte,McIlraith,7b4339d2-cb8d-48c3-a086-4df5c5f6accd,,,,
5/7/2020,83c29ec8-066c-46ba-96b8-9730822fde52,Daniella,Gurr,d88bddac-c9e6-4674-ade4-209d6d8969d0,,,,
5/7/2020,4e8e114a-c1de-4361-b407-2bd13b884116,Augustina,Cloy,8fb0f8de-657f-4688-8076-b591f7deb27e,,,,
5/7/2020,4ae68e37-6681-4cde-927c-4685b040c8d6,Teresina,Annon,2071450a-801a-4645-a4e5-41a1fbe11da5,,,,
5/7/2020,efa61a86-6b42-4f90-8100-6543c6ef0e9e,Honor,Ullyott,1c6bb8fd-0b94-4eb8-ac5d-ba8fb104871a,,,,
5/7/2020,5dfa8080-e4d6-4c1b-9951-a9558d85dc39,Rosemary,Lecordier,b92edd1a-b412-4a06-9819-3eea80881101,,,,
5/7/2020,b68644fd-b0e5-4c2e-ad5e-ccfb6cdc0b56,Ailyn,Prodrick,3f15cfc5-d530-414d-a839-82eda24241cd,,,,
5/7/2020,5acb3dc0-eed5-4ce3-8ddf-6af4c252c07d,Aurelie,Megainey,9f22b5f2-03f5-42ac-8879-82e60d09b92e,,,,
5/7/2020,2e221101-8132-403f-aa1a-6de24e3e0ba4,Dom,MacGilpatrick,510a5fb7-3c99-44e4-9d95-6db3ab5db892,,,,
5/7/2020,46a2be37-4956-4961-9d7b-f630269f4edf,Eward,McGougan,40b4aa76-163c-46d9-8413-3d19e02ae810,,,,
5/7/2020,879f59e4-7b4e-41d0-90b6-58e42f2bb881,Rory,Purser,cd6c276e-684a-465e-ba1f-a5e15a3acc52,,,,
5/7/2020,1601017a-32e4-471a-a60f-c60d346edce3,Anni,Loble,85b3412d-ca53-4fd5-b7ea-1c83e7fb7ff3,,,,
5/7/2020,37dac601-c40e-4d7e-a4f4-afd2118827ba,Camila,MacGeffen,92175957-e0bb-4318-b420-542c1401d75a,,,,
5/7/2020,a067e2a9-9a2d-468d-ba2e-04232d587128,Xerxes,Imm,22744322-f96f-4c32-94cf-24ca4a6c7e81,,,,
5/7/2020,e030d150-7ade-4913-a57a-31ad32653e26,Noe,Pettigrew,f6df87b8-eab3-43f9-8f64-c513cab48786,,,,
5/7/2020,1f35718d-b4dd-4cc7-9372-2f260a498667,Gabbey,Sutterby,374e8343-594d-4bd7-b5c3-dd102fb10e17,,,,
5/7/2020,8e3b425e-2860-4f8d-805f-7ce0c9b9f713,Vern,Dursley,5b8e4cb2-15a5-458b-850f-6a956991537a,,,,
5/7/2020,c09542b4-b33b-4334-9d21-706066e3c867,Georgi,Angeli,db48dba5-27e2-4fb1-9bcc-1eaa1f789482,,,,
5/7/2020,51ad1ed7-4757-45ac-bcad-86088b87425b,Kellie,Epsley,5be75d16-a0a1-47e4-a21b-ee0cf45b6a81,,,,
5/7/2020,a0536a2f-5f22-4d59-bc2d-682047a421e0,Amalita,Grindall,bfc4e734-cc20-4951-bba7-ed709a182d89,,,,
5/7/2020,b9eb5a69-b88f-4775-84da-c09cdee92f49,Sibyl,D' Angelo,b850e5b0-979b-4191-811a-2ca05d26e29f,,,,
5/8/2020,e64180ce-0ff8-4f6b-b1a8-3d8a032f8c34,Rebekkah,Whitsun,d867dae7-4292-4e06-8921-8fc20a8d640d,,,,
5/8/2020,801cb113-6e7a-420c-813a-547ea087fceb,Adler,Botting,8c67fd39-613d-47de-9e16-2145974209eb,,,,
5/8/2020,e4f91eba-c505-4ede-a3ff-a5f624b0a7e7,Russell,Penswick,c31514b4-c6ef-4948-8599-8627ec9580be,,,,
5/8/2020,84e7aba4-852b-427e-ae01-af7e749f0833,Danni,Andreacci,755c9c1e-c9c1-4780-8674-337c054e36f3,,,,
5/8/2020,10a03efd-1971-450b-ac64-24aad9262261,Aguie,Schult,8641288e-01cd-43be-ace8-50bd275c3308,,,,
5/8/2020,5d70c3de-14c6-430e-bbe7-d242c06cd6e0,Roxi,Wackett,d1570f0f-75b3-44a3-84f0-18abe6c37b16,,,,
5/8/2020,b24bd6f1-85c6-48f3-ac81-04bda43ef168,Burlie,Bowart,22fc86ea-53dd-490b-87d5-5c70003d2e7a,,,,
5/8/2020,b40c05c4-374c-4908-9e6f-d576a1004e0c,Kipper,Umbert,779391a9-ebf1-4602-89ac-483678b87415,,,,
5/8/2020,d8490b7b-4f8f-4e52-bb1b-f18db92d2ca6,Catha,Schumacher,603d8795-951a-4ae3-9366-d60d3589055f,,,,
5/8/2020,f8e1680d-a743-4004-9a29-88b2d7787fb7,Art,Scorrer,1feffe75-dcd1-442a-93f4-1252d153873e,,,,
5/8/2020,692c9161-6373-4ba2-b829-2ace6e66ee6a,Lanette,Meeron,aba9ae73-85e1-4a12-9a43-4ae56134db13,,,,
5/8/2020,a15b9ad0-395b-4586-8af5-3dc50d09dcc7,Gusta,Bikker,df2f9d2a-4494-4f9f-8597-6ab234c3bfce,,,,
5/8/2020,db218f55-19b7-42eb-a391-82673ce8b4e3,Tilly,Vegas,03f0dcff-682a-4eb2-9ac6-2fc77900958d,,,,
5/8/2020,df0ba411-0fd2-45fa-93ef-5754107d9ecf,Fredek,Tweedell,8ac700ba-05d3-430f-b546-a99d084f1d4e,,,,
5/8/2020,60974539-f028-4f7a-94f2-052dd379bee6,Erasmus,Caple,62ca4474-f24d-40ac-9771-fb3c8e0f9231,,,,
5/8/2020,d9d8aa97-ca6c-4c17-90c4-e46a7291a8ed,Mireielle,Jessup,aaf5bdc4-d949-4e1e-a4c8-b86914f29c5b,,,,
5/8/2020,5dac0051-5200-41d2-8e43-bc49829a4009,Godwin,Vardon,3137cdae-2589-44b4-abf6-5cd79627177f,,,,
5/8/2020,0dffc7c0-15e1-4239-8ddd-61886d3538e5,Gracie,Raatz,04e173a4-533a-412e-8921-6760bfdb0a46,,,,
5/8/2020,9885c568-c7bb-4b38-98d4-7980c4cacdc7,Kirby,Berresford,8230b110-8302-4c81-8211-e6b10818cc33,,,,
5/8/2020,8ef60d79-9a36-47f6-b0c1-fb825653c209,Waldon,Woolston,901d5fa6-0b98-4fdc-9323-a35948705b4d,,,,
5/8/2020,d43c9c56-b2c0-4bbb-8a72-7f30cfab898a,Englebert,Mockes,d32cdd7c-6089-4b1b-809d-3c01c86a4284,,,,
5/8/2020,aeb10726-8fbb-4e90-a49d-43bf2ebb9c5e,Jesse,Beevens,04a00bf3-9b32-407b-bf0b-a7d8e8097036,,,,
5/8/2020,468281c1-d3f7-476f-a58a-01f09c94c0e1,Mercie,Maskall,dc62ebc4-b437-43e3-b574-53a792c1aba0,,,,
5/8/2020,db919ee4-ca06-4b3b-9469-06e1d9e3cf31,Ferdinande,Moorton,22534048-915f-44f6-b4f8-c69ebec240e1,,,,
5/8/2020,d5377395-ff2b-4d94-bc72-44ca76c4b3f6,Alexis,Speenden,84ee19c3-1a73-4a54-a6d7-6dc1f334d8b8,,,,
5/8/2020,1535b4d5-3540-428b-ab6f-ddf25e760780,Staford,Revens,5e37f2c8-b5d0-4620-9280-1cafa35bd5e8,,,,
5/8/2020,fd65083f-a164-4e89-9774-ada98a1db7a5,Lilith,Garrioch,0414b1a1-5870-4454-a557-349e759d15a3,,,,
5/8/2020,09987e4e-e025-49a3-bc5c-94fc55ac5581,Khalil,Poxon,8c26d426-1e3f-43b1-ac56-65d0171ef324,,,,
5/8/2020,a6c8a6a0-1378-4d38-b4dd-fbaac761b89c,Reyna,Collymore,04af8c98-84fa-4174-9b42-552183744e5c,,,,
5/9/2020,6af8165d-67ad-42ce-b81d-ac5004afcdd6,Scott,Husby,d4a9f6a6-4fe0-4687-989d-2b48d392e48b,,,,
5/9/2020,c7c10ef1-c3ff-4ecb-86e5-02f331dd4f4f,Hazel,Dacre,86dd02e4-cae5-4b8c-9652-490a8d8d88ca,,,,
5/9/2020,75ee4eba-6116-4547-8428-783ffcc46a46,Pacorro,Trytsman,a00f8334-4c02-4608-952f-9f1c39f68af1,,,,
5/9/2020,28dca819-9730-4615-96b4-5ec5a38f0803,Richard,Laver,17575cdc-fcbb-42a2-a463-d62601cbfa04,,,,
5/9/2020,d66d4ec4-859c-4a90-ba0b-6746c4346c9d,Merrill,Schorah,31f221c5-f6ef-4bd1-934f-1e3d95c0f06d,,,,
5/9/2020,ec5d60df-905c-4190-841e-f358971551db,Happy,Boxe,6929f299-a0de-4588-8012-6fed62e487d4,,,,
5/9/2020,a1cfaf29-0f27-4678-9e99-ddc86a9da7c9,Zachariah,Mickelwright,921f5fec-eff6-40f1-9885-41aa15ce0750,,,,
5/9/2020,6a724357-bb2c-47f5-9135-627a6575a748,Thorstein,Astupenas,f3cba33f-9b7a-4deb-be1e-ce87f0c0f087,,,,
5/9/2020,817cb584-c63f-4736-bb32-c9def35c4034,Brynna,Assender,70dbe2bb-a346-4cbf-9f65-54c2cc875f5f,,,,
5/9/2020,ca7378fe-ba4a-4fbe-ab37-0841e4ca1927,Lucien,Warkup,d6acad9a-0aa9-46da-9056-07e567e995ad,,,,
5/9/2020,a0afa8fd-170f-4a15-adfc-92b26cdcdaa2,Winthrop,Toby,344c5ff6-45dd-4940-a028-af0bae0be668,,,,
5/9/2020,98d7d8bc-af0e-4449-8977-361a920945f1,Cori,Lillgard,d990b839-b0db-48f7-a702-bfef6ab15899,,,,
5/9/2020,78275dc3-a2d8-4d33-8db1-50ecb96edeaa,Frants,Ellerbeck,f3f3cfc0-e2b5-4f3d-9ee2-9b4cf19a3e7f,,,,
5/9/2020,f5d185f8-87f4-4beb-8fe0-e97cd5ecdfc4,Hughie,Fraczak,fa9d95e9-7dd5-463e-802c-e30f7d731f96,,,,
5/9/2020,b7bd8ce7-7046-43da-9233-e756de64e0e6,Wayland,Iacobacci,c87017a6-125c-4e68-be57-e8d27801def1,,,,
5/9/2020,836efa0d-51f7-48a3-9eda-216e34c331c9,Othilia,Nacci,55ba192c-d211-482f-8830-fa0be43e7301,,,,
5/9/2020,74043378-e265-46d1-8201-85c68baa2174,Wallie,Guildford,1346cd66-7b34-467e-9e41-fe0c128872aa,,,,
5/9/2020,04c4c4f1-721e-49fc-9ca1-f39d08e6b9ee,Jamesy,Fetherstonhaugh,2a9e43bd-d2d0-48f2-8cb5-0a7fb6bee632,,,,
5/9/2020,995b3746-e6fc-47b1-bdc2-91cc159ec68f,Caresse,Duncan,0abcb67a-9db9-4db1-8aa5-f3e8bc33620b,,,,
5/9/2020,617c5350-09b4-4bc5-90fe-2582966b740d,Remy,Embleton,718d208b-9a16-4c1b-a6f9-b999073c2e99,,,,
5/9/2020,db13eb3c-dc4b-4487-abf0-3e91d3603b3f,Sayres,Jeynes,06f7a093-f61d-4496-a35f-5674424d675d,,,,
5/9/2020,edfd5495-eaa6-422a-95bb-44ba41e9c3e1,Hunt,Gallen,a576fc5c-e92d-4d08-99a5-67e74d38a8c3,,,,
5/9/2020,a396bd44-2bc0-434d-9804-6cb62dd87419,Amii,Thomasset,4c4b6885-8d32-40f9-84b0-30a9fcb8730e,,,,
5/9/2020,ba653409-3637-4d39-89ce-d77cc2f65091,Kaylee,Balcombe,f9ee37c9-a180-45b9-975f-f48677519d45,,,,
5/9/2020,f7d9eddb-feb0-4074-9a28-eac712b92488,Wendy,Kairns,21a73b63-d1e3-4904-a124-38ab5e8ecf26,,,,
5/9/2020,1cd0e4e9-2466-42fa-8ce3-533924c011d1,Dyann,Mughal,91b21084-5a1c-4a30-9721-456b5a096deb,,,,
5/9/2020,ca90d7f1-69c2-4bb7-ba77-17f8eb691176,Anderea,Adiscot,c8ba658c-26d0-41ac-8a98-37827b84bbfd,,,,
5/9/2020,856f641d-8938-4d38-9bc5-2875171fc53d,Wye,Francke,90fee9d5-f64f-47a0-974d-03ff65b699dd,,,,
5/9/2020,98914492-ce24-459c-9a85-7a6ccf0a6454,Karilynn,Baguley,24d33dda-d352-4530-9589-c8506f2d9420,,,,
5/9/2020,434b5331-5e96-42cb-a519-21609081af87,Waly,Gingles,02218608-a467-42d4-a5ab-0ab33223a515,,,,
5/9/2020,feb1a65d-e714-4610-9661-68ae77fca097,Romonda,Goldberg,48371ba8-d75e-4537-a42e-8c50f3e2fa46,,,,
5/9/2020,154b4682-5aeb-4038-b492-efbce19c0f9a,Peggy,Dannell,4541d35a-02b3-4c1b-ab4e-f46e1ea5ce76,,,,
5/9/2020,883f3b4d-0bdf-4adf-a445-9b582752dde3,Seana,Borres,112c7e94-bbe7-4151-8573-3ea3bf9b3575,,,,
5/9/2020,9fd515b5-37de-42dc-9f2c-d8434600b09a,Maridel,Simionato,1a58a934-2e2c-4feb-96ca-bcf0f79a7381,,,,
5/9/2020,911fefb2-51c1-4fbe-be78-a14d3e2d4077,Maddi,Vales,71270839-9b6d-4481-9910-b5e2026ba66e,,,,
5/9/2020,1c2c9516-5007-44c1-b7eb-d366dbc1c182,Egon,Iori,a9d79f7f-2163-4ef6-9810-f04b62daec75,,,,
5/9/2020,12846c8b-f139-42ed-a6ac-22255bc2a447,Bogey,Monni,0ef0bf61-485d-44e2-9a9c-15bc7ef8f315,,,,
5/9/2020,bd344470-dc3f-4f26-bd30-6ccea621048c,Mei,Greson,4b26a363-1874-4ac5-b050-4912a11195d2,,,,
5/9/2020,a6ba3e5c-86dc-4331-853b-9f71257baa36,Kat,Ryson,b3289241-11ce-4fa9-a6fa-8c8435ad9896,,,,
5/9/2020,b9772b16-fd15-4797-b6f4-acb0e982c6ce,Nevin,Weaver,e76f9672-2cdc-414d-a3ac-7009815eb621,,,,
5/9/2020,2e8b8806-3013-47cd-a3f2-e9b1f1195118,Margalo,Achromov,9d9ffbb9-f3d9-4f3e-b35e-c0ea5561d825,,,,
5/9/2020,6505119e-1ace-4fe1-83e8-6529229a4161,Langston,Caffin,88cd3a6d-a5a9-4f2e-a74e-6e53129ab912,,,,
5/10/2020,4769f4a8-8a45-46fd-b2c0-6ba97ffbeb4f,Ardelle,Shuttleworth,e3dbf798-84eb-49a8-91b6-f9fa2efaf981,,,,
5/10/2020,2fb989bf-b457-4998-b60b-074b7f29f6db,Noe,O'Lyhane,62fcfb1a-b396-4a52-bb37-c92f819f7058,,,,
5/10/2020,ba3b15d9-4ff1-4d9c-b7aa-b928926307e0,Rabi,Searby,6b9b4f8f-b38c-46bc-81f7-460f7586b64c,,,,
5/10/2020,f58ad948-d0cd-4af8-b1af-65b99c6f048b,Timotheus,Dietz,03b8e8e0-7c0e-4ad4-ac3e-4066e20ddc1c,,,,
5/10/2020,8d7c7baf-5b9b-45a3-9b47-3ff7f07a3209,Claus,Pering,a34c20de-8a4f-4f35-b0e8-179eb22db7a0,,,,
5/10/2020,47e8687d-c959-4c52-a00e-6e93abb7301f,Shaylynn,Ricards,57fa212b-e86d-4340-9c09-4d939db2ce6d,,,,
5/10/2020,d509e43a-ab27-4fc6-a025-7b609881d161,Raddy,Aishford,84f8c514-5020-4e85-8ca2-e4dd86891352,,,,
5/10/2020,49bd386d-29b5-4c79-b7b3-1f8a33c8ca7d,Tiebold,Dunkerly,839cefc1-8c5b-4e33-8769-b5cb08d8e2e6,,,,
5/10/2020,119e01b9-b1a6-4387-b717-6d2dd63590c9,Ines,Kording,f8e75ef3-a1fa-44d7-87bc-1e7af7af8dc5,,,,
5/10/2020,92ed0495-b249-4bd6-8a3f-9c9271b23675,Carling,Brugden,993eccce-1aa5-4f71-907c-d960baf94efd,,,,
5/10/2020,4023c1ce-d445-49ab-b00c-5367609ac5b1,Jim,Garroch,8e1b158b-edc1-4953-9054-40ebc4be5774,,,,
5/10/2020,fdd8fcbd-f2f7-4d98-a83e-259fa8b37e4d,Griffy,Horning,49962403-0845-41b3-bb88-6f4af303bd59,,,,
5/10/2020,865b4c9b-0d23-41d4-9931-7b0a1e2ed9e7,Merilyn,Mico,89a56513-3d62-4dcd-8478-8c10e18c5c07,,,,
5/10/2020,70bc60a2-2334-4093-acf1-bfdafbf098dd,Major,Burditt,2e86acce-bc0e-4d75-8766-44ce6539585d,,,,
5/10/2020,63e8ad38-4b24-4bdd-a0ae-cadd65596329,Birk,Moden,8e65f047-fde7-4463-a8c4-bd9edaa25aed,,,,
5/10/2020,fe20c433-54e5-4607-8fc9-9abc54794e9b,Edmon,Spraging,18916b03-4148-4332-a872-8aac8f333e05,,,,
5/10/2020,4eb704be-24f1-4c3c-ac39-4deaecf9a961,Roxine,Cyphus,dd11d6b8-2ec3-4691-9d93-5bbfe33d3aa1,,,,
5/10/2020,2835fcdd-8949-4db8-b565-4daed44f465f,Konstantine,Huglin,fd1bf834-490f-4353-ad45-32cb7db51330,,,,
5/10/2020,e9c39f55-3b7f-4350-857d-f60e0a527757,Anne,Hewes,7588b598-0451-43f4-b0e4-ed2c8c3a2ab2,,,,
5/10/2020,a1fc7b12-fc38-40b2-ad46-76b3112f7cf7,Baxie,Fidelli,6461152d-b836-43f7-a156-2c6aa89a4a78,,,,
5/10/2020,bd3b07be-3965-4d2d-bd0b-fdf804236e38,Sonia,Pic,553a472e-0587-4ce3-bf03-634fcb15ad20,,,,
5/10/2020,8ade9ba8-027b-4140-8bdf-ac7ad51d5ef3,Kaylyn,Bidewell,42fc35d1-26dd-49f5-b0f7-92c56a2c35a1,,,,
5/10/2020,d0a78412-2fb1-4f9a-b3cd-4461a6efa8ff,Eugenius,Quarless,8133ee39-91ae-4f73-bdd5-73c8d047dd6e,,,,
5/10/2020,94bdfeaa-c6e2-4270-a66a-53fe5917796a,Quintilla,Hayter,25363efa-59a7-4bdd-b46e-489410da3d29,,,,
5/10/2020,ff7fa80e-c46a-4929-a8a4-cada6c37f897,Brigid,Billborough,553627db-9da4-40a6-ad12-a6523d5ef344,,,,
5/10/2020,50a86852-36df-4810-912e-09a22f9c18d6,Miriam,Hands,b552eb40-9d3b-4099-9bc5-2935a87c5209,,,,
5/10/2020,d84d02f2-2ae2-4cbe-ba37-69a490b3cdf4,Dillie,Alldread,d55dceee-a45d-468e-8da5-9e82de900336,,,,
5/10/2020,48a7ed6e-0b58-4fd1-9ef7-a99fe807024b,Jamison,Dettmar,67f4d042-cb71-4c01-9e7b-bcbb3920f532,,,,
5/10/2020,3d4f4b1c-2d3d-4acd-bd9b-74eb4cd6cbbd,Ed,Blankley,675bf8f0-8b92-44e0-bbda-6c44a369fdde,,,,
5/10/2020,d1684461-aed7-4d76-8f62-3a566bc5f658,Cristobal,Crewes,6beb2f67-af7d-4071-ad7e-49e1af6b81cf,,,,
5/10/2020,465b876c-6978-4542-96e2-8184090b4126,Mireille,Serck,57b6dbe9-6685-4dbb-8543-92a4787fbc91,,,,
5/10/2020,98128e3e-5ad1-49c1-8c37-0c83d1ebc48d,Leona,O'Shields,2aee0c6c-6102-4390-ade6-6892823875aa,,,,
5/10/2020,227f5f19-20e4-490d-8674-4f2818dc4ef3,Vail,Iredale,30460aa0-b3dc-4b4d-a0e0-906d683d7aa0,,,,
5/10/2020,348185a9-25ec-4834-8f16-a80e55041b44,Jaime,Fero,d5f039b4-0e09-4edf-97d0-5c21c64b2c1e,,,,
5/10/2020,101e9b85-a49c-4fa5-853e-c022306b38cc,Angil,Buney,76f77ed6-cc1b-4d0a-a6c6-2c4a308b58b6,,,,
5/10/2020,810913f1-841a-4b06-bfad-23c0e4901912,Jean,Offill,f8415519-c14d-4cb2-ad3a-e69ad7e2f0fe,,,,
5/10/2020,111d645f-7fd7-4de9-9f2c-6dbf35207c77,Ade,Najara,eaca73d2-669a-4ed3-9077-ed09f46c94da,,,,
5/10/2020,992c656e-ae1a-4fd3-8bfc-115317be256c,Justino,Batch,acee13d8-006e-4a26-aee6-2cb16a0276b8,,,,
5/10/2020,5c640afe-8ae8-4adf-b82b-7f8e9be264c2,Margi,Licciardello,eb19943a-67a4-465d-bb70-52f81c871093,,,,
5/10/2020,db929231-d380-49b2-9e65-85cde97fcf4b,Micheline,Smylie,eef2ba4e-b765-4163-a4ac-5ba06e9c5941,,,,
5/11/2020,364b8505-50b3-477c-a3bb-686f15db476e,Rhianon,Battill,30121b09-679a-4227-a717-14c72cdd2c18,,,,
5/11/2020,3337226f-4b38-46bf-8dc8-da8e80c43fe8,Elga,Tapin,4af5a280-6be8-40e5-9f22-3f1fd61d1207,,,,
5/11/2020,93f7f4d8-b1b9-4200-b311-50360e3e4a45,Barbara-anne,Lewendon,67a23133-d2ce-44a5-99c3-765654516901,,,,
5/11/2020,e281c0b5-fa16-4b40-b2b7-350c04616732,Rees,Gerrill,e93b8207-4872-4d56-ba34-36996c182ee8,,,,
5/11/2020,5b692cbf-5135-439c-bda3-f00dc7593c17,Bernie,Dorr,8ae8bf01-b955-4536-a08c-fbb1f9dcbd59,,,,
5/11/2020,1127bebc-2f22-4e75-ac63-636d66f365d7,Davon,Casserly,23a7ad69-899d-4876-bd30-265518421ed4,,,,
5/11/2020,b84c9e00-2821-4aad-a84f-04d5a9c03bbd,Nikaniki,Dorkins,593da235-67ec-4007-bddd-1d2c9a65f535,,,,
5/11/2020,17c7b8de-3c00-44d3-9044-51c622072a42,Rikki,Moxson,aee89d8c-3d15-422b-b567-6fdb0a733ea9,,,,
5/11/2020,bc558eee-befc-457a-a4a1-7d3c1cdf78bc,Parrnell,Stoad,274b6c68-66a6-4aa3-ae70-8301a4660058,,,,
5/11/2020,319d38c8-ccd0-4f65-b9e9-064e6e201b1d,Patti,Drew,a1586ded-7eac-42c6-a6d9-500389b2f21b,,,,
5/11/2020,153463de-546f-4d37-b9e6-e0484bcc04e6,Melisse,Seif,a00abef9-c180-43c2-91d9-da309c7c1ef4,,,,
5/11/2020,2c89a738-8e11-4caf-b00c-1c83d1f68147,Karine,Weakley,8b91c7ad-7157-4fe1-8cd0-aad1db6bad56,,,,
5/11/2020,44dac3df-5205-466b-98b8-6a8c5ffaf1c4,Honoria,Chiddy,51a3c060-8052-4813-81ad-465641d1d7ee,,,,
5/11/2020,f0c153a3-bdca-4585-9d85-61b130647fa5,Waite,Hallatt,4c4c8b2e-bf3c-4bff-865d-83945298bf75,,,,
5/11/2020,21b77c2e-ea76-441d-9ceb-77d21b00eeb5,Carny,LAbbet,d4b39de9-2dd4-4f91-ba1d-b388239f4c7b,,,,
5/11/2020,c516e8af-cae2-4079-9c71-ec466133290c,Dorolice,MacKenney,faf323f6-464d-4399-8197-ef9ae63be9b8,,,,
5/11/2020,38b6e8c0-5429-46bb-b691-fd44123f6218,Jacquette,Baudet,a35c3b7c-ce4c-4528-95f9-2e3a596cc0b7,,,,
5/11/2020,89c6181a-b880-4103-bb68-ef5d968e25d1,Carlotta,Dybald,8059ed09-1264-44ca-a294-0cbe222c965a,,,,
5/11/2020,ad0cacd3-629a-4399-b50f-f6bf6ced81d3,Taite,Suffield,74e65ea7-abca-449f-b861-3772dadc9722,,,,
5/11/2020,e7c611ef-8d6d-4c35-86a0-512763030d7f,Barbabra,Himpson,d511f5cc-885b-4acd-9325-57c1f23aef8a,,,,
5/11/2020,424ed0ff-0bac-4ca5-8fce-c1fd02b2b213,Wynny,Manueau,61bef2f2-5e1a-4644-aa80-72da20caf015,,,,
5/11/2020,da4971e2-5c8e-44cc-84fe-53f9f7755fef,Bertina,Moxted,6cc71aaa-e683-44cd-9c7d-03e7755bb93b,,,,
5/11/2020,d8be3bca-6830-4a96-a5c6-151aa742853f,Chester,Sumpner,c592b90c-761b-46c0-be5e-6f0506557ee1,,,,
5/11/2020,20a1516b-a50c-4595-9983-2fc617ab273c,Lavinia,Twizell,1e17a0a0-a4a8-40b8-8d8e-a6207739d172,,,,
5/11/2020,24087a45-8943-4f2d-9b0c-822c2a2aa9fc,Naomi,Shrubb,cc4437b7-6885-4cdd-888e-29b0d486c5a6,,,,
5/11/2020,f8aa2d1c-58b3-4ad8-8d56-dad369e66572,Nataniel,Mariolle,3c8a1c73-1556-4a66-8f56-6bf284a7db47,,,,
5/11/2020,0479c678-baed-48a4-8174-016cbf7df583,Parrnell,Fiddy,d4ddb8f8-689a-4205-ba9e-f2c94fe92ba2,,,,
5/11/2020,1a6ca1dd-b554-4816-9eec-a8ce25e8bb9c,Jania,Greig,c8ad4a14-f45c-4fe7-ab63-0e5ce5ee2ae0,,,,
5/11/2020,977e0c80-abb0-4a8e-9f05-af123ac9b3b4,Hayward,Dishman,f5ef6dfe-8321-4859-a7df-7bcd64e5490c,,,,
5/11/2020,440c3d0f-0ffd-4cf9-9587-71dd64135156,Phip,Mathwin,25feb08e-f4ad-47a2-b45a-c11fcc76a9b4,,,,
5/11/2020,7d39b6bc-6735-4f68-af52-0f48de88ab5b,Winne,Poupard,2a91e6fb-788d-47ae-8a2a-62a46254cf49,,,,
5/11/2020,5eab7de9-6ce7-4470-b5f8-ecf98ef81cdd,Kacy,Gladdolph,695fb224-915a-490b-817c-9aa4a3c2a30b,,,,
5/11/2020,720c80e8-a3b1-47fa-a3d0-9df78cf89fd0,Cy,Bellin,55461f88-03d0-4752-8e68-01084884f888,,,,
5/11/2020,87333164-2703-43ca-ab40-71ac4c475b3c,Jeniffer,Sheepy,ca83cca5-bebc-4821-8e01-dc229ee61ca8,,,,
5/11/2020,cebb6256-8570-442c-9308-207bfde5059f,Valdemar,Dollen,dbc51231-8592-42bf-a0be-65120b2f6881,,,,
5/11/2020,9c68b12e-44f3-490a-8f74-5cb33fe0708e,Dosi,Sandhill,be625a98-d418-41e6-b925-39f40fc5354a,,,,
5/11/2020,eabfe263-1985-4195-a0f0-eac48c20bbf7,Hailee,Size,e9dcdeb4-11c5-46a9-96c2-1545cff11ad0,,,,
5/11/2020,8edcf533-6af4-4480-87ed-0ec704ee1d7b,Annabelle,Adshede,d7a6d95c-819b-487b-a81e-7fdb736ee42d,,,,
5/11/2020,c0cb2764-2248-4b34-8a43-9c5f7a459ece,Weber,Terrazzo,759cac95-5f58-4b21-ab24-45ab2bc9f377,,,,
5/11/2020,eac8b7c7-d480-4115-86e1-0f6cfa68535a,Christos,Gutsell,114b636a-da59-4011-9391-b372c6651bd1,,,,
5/11/2020,0575a539-6778-4fda-b614-47ac01663de7,Micheil,Bertelsen,d8cfd626-3a67-4949-9a89-bc99025fc44e,,,,
5/11/2020,9d8b2d10-d660-44f2-aa65-e626ed02e7d4,Odey,Leyband,234f9641-9769-4f53-af43-add2af5dff06,,,,
5/11/2020,61f35ffd-aef5-462f-bec3-013917cd981d,Gwyneth,Duiguid,a91fa61a-84ce-44dd-ba51-07d0fb2169d6,,,,
5/11/2020,43e6b2b7-f893-475d-9356-1f9e41a8e584,Morgana,Woodeson,ffff79b2-ac89-4f7e-ab53-a3d9db880299,,,,
5/11/2020,26ed9ec3-9aa0-45b7-89dd-b97fee314bd3,Rachelle,Glanders,3bdccdc0-334d-4333-bb43-a3c5e4561750,,,,
5/11/2020,87631460-c16c-482b-9d2f-bbf7175a7412,Ashly,Bunstone,9b59f8c3-3ed2-464f-ab89-0b05e4877518,,,,
5/11/2020,eb12fa36-e636-48ed-8f38-c71308e875fb,Carl,Belward,7c79c2d9-0365-4587-ab6f-f1f4aab4a0b5,,,,
5/11/2020,42f55055-a03d-4a59-8b47-45964e631c25,Mignon,Hucklesby,c1040600-0454-4841-9361-342c94873bff,,,,
5/11/2020,4d279f77-652f-49af-b8a5-3e107287d6c2,Glori,Wildish,c97b4ede-aa64-456a-b43e-933c84d13863,,,,
5/11/2020,2e5430ec-8306-476d-8988-c246df9b1976,Amabelle,Caillou,cc5bbd72-5c5f-465e-8b7d-0c0cddf51a57,,,,
5/11/2020,151b093d-fda9-4cb6-a25e-9e73d563ab42,Bobby,Iozefovich,9f27d6aa-6e79-4fb0-9adf-4d511ca2186a,,,,
5/12/2020,a1e4f5a7-a3e6-4d51-9ba6-c4a8d172ecff,Brear,Bottrill,0dbd8ca2-7e7b-4263-8429-31815e6be8f3,,,,
5/12/2020,27bb2bc7-e3bf-4492-bf18-c2290d1e8a08,Angelika,Maggorini,ae548b75-5261-4919-bab7-69e0bde2c1e5,,,,
5/12/2020,4be20760-eb58-4f35-87c8-0a420c7b8231,Tonya,Robel,7eeb1a43-0514-43d0-a938-2b5a320037cd,,,,
5/12/2020,0d814c70-3b00-4f93-9c58-45950d3d10fa,Kellen,Flaxman,20f7ffa8-25bc-4742-a9a1-b0e41323ee6f,,,,
5/12/2020,fd597387-a99e-49a1-97a4-a4f5184c09f0,Lynna,Heater,d2f52731-87f3-482d-94ec-84e3e9b6b084,,,,
5/12/2020,3bb7369d-8775-485e-90d9-adfb31afa6e5,Garwin,Decort,be5630f3-45d4-48dd-b8d8-21755bc4ddc8,,,,
5/12/2020,9527e09a-7ef6-4824-bb0d-65202d2d2c86,Vergil,Strangman,b87b1894-2eed-4937-b4ff-87d1433b7d9a,,,,
5/12/2020,ab91069a-5d74-4a82-b641-58a6c1d8e2cf,Isidora,Briscoe,b48af475-a729-45ff-a7ef-9ffcfcc90d33,,,,
5/12/2020,56bcefae-c7bc-41aa-b98f-9743d0dd42a8,Lona,Lovart,98066f41-74d2-4bf8-a20d-5fc2af29c44e,,,,
5/12/2020,42370935-f202-4639-91bb-040c74b31b7c,Jorrie,Stuchbery,da3e6414-b4b1-43c8-9d0f-b84fb1dde780,,,,
5/12/2020,7a72abd5-6913-4e09-b0cf-c462e50a2810,Ban,Brevetor,0dafe511-1001-4d85-b298-98d7a540da24,,,,
5/12/2020,722d4f50-851c-434a-a3a0-6d01ada377e5,Zedekiah,Earlam,8760fecb-0500-4019-82b8-3c4bcadf0a59,,,,
5/12/2020,2fe26e8d-4d4d-4da9-9366-72b876311c1c,Goraud,Damerell,3f0e6348-efa1-4aa1-bd05-b3164733d0ad,,,,
5/12/2020,45127d37-8552-4ef9-94f3-2361213d66ee,Seth,Scotland,df39e8e1-5b66-4774-a389-8ac043a8f402,,,,
5/12/2020,e0e27e88-1d20-45a6-a441-042828e03a73,Allie,Harston,bf0c6a23-68d9-49b0-8142-f54e3f2a1852,,,,
5/12/2020,8f6015d0-9a6a-402a-b3ab-7a89b9ee8964,Genia,Ninnoli,741ad040-26a4-41fc-ac76-f3f6b3ae1ffe,,,,
5/12/2020,6aa42e8e-fbf6-48b5-9ae8-72c96fe857e9,Afton,Cowndley,1317de11-49dc-4385-827a-a8782feb02ac,,,,
5/12/2020,9daa2760-8e3a-4dc2-ae1e-df6d203b4cbc,Angie,Annies,e611e4d2-94c6-4710-a4a4-ebf35224f33e,,,,
5/12/2020,9d5bd2dc-a769-429b-a8a0-5848f4dc95f0,Ezequiel,Henrionot,5775d542-e7a1-47f5-ba8c-c9ef2c852cd5,,,,
5/12/2020,6a8c37cb-a353-4d58-869f-c1eed65409b7,Mattias,Marlow,11dc5f50-cd48-48e9-91f4-cd3c55439145,,,,
5/12/2020,bfb3fc9a-f6d7-4c5a-aee7-a286d4e46aba,Florinda,Jayume,b6976154-aebb-4775-b766-91f3004fcc76,,,,
5/12/2020,9f56f1e6-c1a6-4642-9e45-8b4b58bed098,Harland,Batsford,30b10f4f-fa76-41fe-9b6f-7d32ba312b4b,,,,
5/12/2020,fa56873c-5b6e-49cc-9f88-d28920bdf20f,Marwin,Salliere,55216c45-06eb-46b1-ba47-ac79b5a3c69b,,,,
5/12/2020,4c3215c9-d263-49b6-ad8a-fd49b42d9295,Valli,Pareman,6e1e2d85-3e29-4cf1-9a6a-0f84ce86b75b,,,,
5/12/2020,1107465c-d827-48a4-aa2b-0a48a9dae238,Eveline,Siebert,f69cfdc1-165b-42fc-a3e2-87a9b97ed9dd,,,,
5/12/2020,24c7728b-1288-42d9-a1b9-7fcd35be1de3,Rosanne,Manns,f651abb1-3e56-4afd-8c87-27a462551185,,,,
5/12/2020,d98645eb-348d-49f2-ad26-bbb21d8bab23,Morgen,Toyne,ce10de6c-3265-4e39-8938-371800d22771,,,,
5/12/2020,8b74db34-f0ae-4fbe-9c52-10d4cef20a58,Cornelia,Gietz,076c43ca-4aab-412d-b8fe-d46721b7bf70,,,,
5/12/2020,82d96292-41bd-4437-99cb-94379eb6787f,Addie,Bruno,82483faa-f66a-40cd-ab48-bac0c842420a,,,,
5/12/2020,6bf23185-a57c-44cf-a164-12fbb2c78c58,Marybeth,Camin,00eadc12-3132-4afc-bdbc-427c5b08c26f,,,,
5/12/2020,b80a26d8-8e5d-4bcf-a7a5-eb3092cd2776,Eyde,Qusklay,706869d6-a288-4ea2-9811-0492eef6d90a,,,,
5/12/2020,18ca19d7-537c-4fce-ac57-d66cee702c80,Hollie,Grinvalds,d3a84ddd-3516-40fa-b456-2770f4583ce7,,,,
5/13/2020,5dd4019f-3d23-48bf-9589-c37e5f055fe2,Demetre,Beakes,69527cc2-8911-4248-b655-3908149ca1d3,,,,
5/13/2020,3746a2fc-0d78-4156-9e9e-3991386a7311,Ninetta,Sein,b7724450-d42b-47a5-99b2-73fae139ceb9,,,,
5/13/2020,0e723684-2509-4911-99d1-f616f759d4cb,Napoleon,Tanzer,1d925eb8-92e7-4c01-b81b-e020221d0743,,,,
5/13/2020,26f331ca-edfb-46ad-9c7c-dafae6543fd7,Chariot,Flury,351628a9-eb4d-4f32-b292-560df3000420,,,,
5/13/2020,147af9ff-86a5-428d-81c9-69248254b3ce,Fairlie,Robottham,354c6527-8ae7-442a-9811-ec155a013c2c,,,,
5/13/2020,b71123cd-6032-427e-ac53-7caa963ff49a,Josefa,Fromont,ef5f925d-a166-4b21-b23e-de8d9c7ff113,,,,
5/13/2020,0f324660-e7e0-4fe6-9389-8820ea34e4c2,Denver,Alliston,ecfc84aa-2466-45b0-b2cf-864ce35b9a95,,,,
5/13/2020,428928bf-be66-444b-b244-25de6cbe2515,Colas,Bowld,897b3851-a552-4f72-a24c-26358f83fc32,,,,
5/13/2020,04c1c038-0479-4ef4-926d-2f7c596b290a,Rab,Dumbleton,996a0582-bb59-4847-9c87-10e84d5f01f5,,,,
5/13/2020,f709e2cd-fa0f-4d3b-8b21-80517a2bc83a,Layton,Kall,55183023-aa39-4d30-b904-0204f1af78b2,,,,
5/13/2020,3425df11-6a9b-4fc3-9192-b7bccceb353a,Danila,Petrashov,45b8f457-eac3-4114-babd-163dcd64b7f7,,,,
5/13/2020,3bf0bf73-50d5-4861-b356-77bf97b491ad,Annamarie,Comport,5cd8e41f-7e6c-499d-963c-b3f0c1954cf6,,,,
5/13/2020,374d26ff-9321-4497-92e1-b148861108bf,Kleon,Flatman,3190590e-d02d-450b-a56f-b011872f6b84,,,,
5/13/2020,be826e27-2933-4c30-a28d-ca179cdc9001,Jehanna,Grzeskowski,4c45e56f-47f0-46c1-966b-dd52b781c4db,,,,
5/13/2020,1ae133c3-c222-4448-b9ef-bfd73113a2a3,Allard,Nowick,0b23d8db-1127-43d1-9b34-5ee95e0a2e47,,,,
5/13/2020,d45a630a-e9e9-4dc4-b87a-b910bcb9ad7d,Karrah,Starzaker,aa75e03a-01af-4e66-beec-d08b7b415a3c,,,,
5/13/2020,90bfd7a9-57e1-4855-9c92-4efa2f558399,Marjy,Sly,db15fd36-4991-4fcb-8620-55b2e0e72b22,,,,
5/13/2020,bc8c6961-7609-4ee4-b452-5a805b29a07f,Loren,Simnor,733e7cce-4c00-465f-956c-6344de38132a,,,,
5/13/2020,e7ef375a-c4fe-4052-85a3-2de10033f568,Lorraine,Gibb,3279eb12-3caa-416c-86da-42bc96cd726c,,,,
5/13/2020,3e1dd57c-43d8-4dbe-ad46-35416ac284a7,Mandi,Bowld,6c725943-19c4-4384-bcc7-6ea059c74370,,,,
5/13/2020,20894975-8249-4624-9522-597ebf5e42cf,Ruddie,Geekie,8349886d-3271-4774-8bf4-bda78339bbba,,,,
5/13/2020,28463e30-c705-41f1-8cea-a13326a19056,Carry,Gilgryst,54a9215a-3b7c-45bb-a6ee-25496fc4490c,,,,
5/13/2020,e53d3fce-ab44-4f6c-bc89-b477f70f49b4,Huntington,Loveland,587d1609-45e5-4a9d-b96f-d38264273731,,,,
5/13/2020,cfebf9f5-7eba-4f92-bfa3-d7cb8b627cbc,Worthy,Stewartson,49bafdcf-1949-4d6b-bc44-f07e97034fdf,,,,
5/13/2020,7d21913a-33ec-4a31-971b-66e9d195395a,Hercule,Borrett,3b502ddd-f237-43dd-8dd5-92b8dfeaf75e,,,,
5/13/2020,aa4c833f-9cde-499e-8dbc-245e22f9507e,Marion,Eddison,060c7610-ed18-4b9a-a76e-2661eb21a309,,,,
5/13/2020,9d21f7e1-1958-4e44-9491-16ffcea8f1ec,Cathrine,Berthomier,330f0911-b219-46a9-bc3c-91a7235af37a,,,,
5/13/2020,2eb09377-b5ab-4527-bbdc-225e00e342b2,Iggy,Sworne,550b0a53-c042-494f-96e4-a4d0fa781daa,,,,
5/13/2020,11cc8dc9-9525-4db8-ae02-7835ff45b014,Dieter,Hehnke,33e642bd-f266-41fa-82da-b0399514facf,,,,
5/13/2020,ddaa9b12-7eb4-4695-90cc-81768ac123ac,Temp,Filipiak,a344424a-e2d9-4a10-b8db-f5a63b337605,,,,
5/13/2020,1e00483d-6173-49b2-a13c-342ea40a7f68,Calypso,Roscamps,fc752e8a-1e74-4c19-9d52-23d8376ec4d2,,,,
5/13/2020,1ccf3776-d773-41d9-b669-6d62279b24cd,Piggy,Fabler,5bef7582-2f11-443a-8e16-45d830e45517,,,,
5/13/2020,848a4d81-98ad-40cd-996b-c71fbcc214c1,Morey,Haberfield,fd88b13b-6502-4e9c-b767-c49b428fba1a,,,,
5/13/2020,5401867a-116c-47d4-87fe-af734ed0bc80,Moria,Reck,49eec0b0-3ad6-42d3-8e8f-aa4d6e4c0603,,,,
5/13/2020,79fa1404-6c25-4091-82b5-025f744ae96d,Abbe,Egdale,8d07ba6e-6876-41a4-93f3-beec6ff632b6,,,,
5/13/2020,1dd9403a-cb23-4b03-8d27-24a23bf15397,Kristin,Leversuch,03017b61-ca44-4087-a7c0-b8285aa4e94c,,,,
5/13/2020,76a7b00a-fe1a-4a4b-8f5f-9c3479d50925,Spence,Byrde,92e41d14-c48d-4a19-9afb-d068fe45bd12,,,,
5/13/2020,aa137124-ecaa-4556-8f03-561d6cce1653,Sherrie,Bayston,ca13b719-427e-41c9-8991-1e6e0f625e12,,,,
5/13/2020,0e4552dc-0fba-4776-8067-d21d74e3f4e3,Shirline,Devonport,6d87bbc8-9365-4192-9dd0-2772cba6e906,,,,
5/13/2020,902548c1-37ab-4a5a-9b9d-97ca93853a30,Elie,Dolling,e21e8cbd-8848-4589-8d78-868109fdddc3,,,,
5/13/2020,ac5508d2-20a3-4f39-981b-435e95b60c0c,Nickolai,Schulze,f7ed90b5-fdf7-4144-8974-47132c2fa7df,,,,
5/13/2020,22322185-fe0a-4186-8081-4cdf773dd499,Alyssa,Maultby,cabd5c1f-3cc0-485f-836f-f567e1c04ab9,,,,
5/13/2020,bb18ec06-a51c-4445-825a-cdfccf1fca24,Riobard,Esilmon,cb4b2ae9-c9d2-41d5-8daa-968da4fa9688,,,,
5/13/2020,3f5322cc-5cde-4f04-a7b4-84d5a554125d,Skippie,Pyke,00ac3b74-f83c-47b5-b680-38adbbf759ed,,,,
5/14/2020,36f03ff9-4275-4285-a672-149cee7a13fa,Caralie,Drynan,48080097-9328-43c7-ab71-cf035cbdccb9,,,,
5/14/2020,727023cc-3ba8-4389-a1bd-df3ece807cc6,Lorna,MacKenney,6e9c6c21-5330-4e99-8f10-0d216412f315,,,,
5/14/2020,8255f80f-f7f7-4602-ba35-2dc552c93b3e,Sindee,Gosswell,6a6e6be2-6282-4319-8bcb-71ed4f46ad0c,,,,
5/14/2020,7e3da613-3b03-4dbb-9aa2-1d9043223dd4,Xerxes,Lippiatt,09566a8a-f14b-43ad-bf2d-fa455d6504dc,,,,
5/14/2020,7d446f7a-8a67-4be8-a849-69c7c563bb1b,Oralia,Nilges,71a38e98-7b40-45f9-9a7c-02d550b2674b,,,,
5/14/2020,49789755-c2d8-4166-a42e-26cee85f6441,Ainslie,Ioannidis,94a85e52-8587-4a15-bde5-f13f50c11c0c,,,,
5/14/2020,319a9d07-aaaa-4bdb-be88-74e3dee6eb8b,Carita,Trigg,a66c579a-1cf8-445f-9f4e-7a36accc62df,,,,
5/14/2020,c3882db3-861d-49c8-b0ba-0a1cc60f38a4,Paten,Coursor,af302454-ea2c-48eb-a18c-00b495551cb8,,,,
5/14/2020,69f87bf0-16cc-4b54-935a-f99099b88967,Aldis,Lavalle,fd0c860b-ea33-4f30-9150-36a5c3b1c67e,,,,
5/14/2020,54d01105-ee93-473a-8d0f-30d9860d480a,Tommie,Minget,bb65c2aa-cbf6-435c-a039-75b426af4ade,,,,
5/14/2020,0cd23f00-8b26-4356-80ad-67034fc17e26,Meryl,Jales,e7998a72-f8d9-4895-b82a-a663c5143789,,,,
5/14/2020,351b91b3-cba4-4d8e-ab63-a2179b88295d,Rozamond,Murrell,cf8283e3-82f4-4acd-8969-c155ebd15abb,,,,
5/14/2020,3c4d0e61-5950-461e-9720-42d088981c89,Vilhelmina,Dressell,472df6dc-fa4e-44ee-893c-0ae31867731a,,,,
5/14/2020,c1d86787-a251-4afa-984f-40d9f1da1fa2,Loree,Beauly,18b393ce-387a-4fbd-b7fb-da974c1eef07,,,,
5/14/2020,4a4b85e3-421d-4262-992d-4136c1b55b55,Ferris,Scobbie,752e3ae8-2cad-4555-97aa-792347fc6073,,,,
5/14/2020,e0f09b82-9783-40c3-990b-c903b8c77189,Alex,Sidle,f18d211a-86ec-41cf-a082-46a3227b9cf8,,,,
5/14/2020,54814196-5a78-40bc-870d-b5d736750cab,Rube,Henderson,c318896d-be6a-4dc6-91df-fc68682ded81,,,,
5/14/2020,4e3e65cd-bd84-4c25-94a9-3383a49304f3,Berna,Marcu,f924592d-44df-4664-b62c-e8c71aef21d3,,,,
5/14/2020,02deb79b-b67a-4643-8f7d-094c9a7ff9d4,Nollie,Dendle,951ccb76-0c2f-4f38-a2b9-444adc77991e,,,,
5/14/2020,c459bf6c-438a-4928-b20a-1b00a6d00e93,Gregg,Leall,ed687a57-2849-4316-87b8-23db65987cb8,,,,
5/14/2020,c55cb5fa-9657-4150-a1d9-82ae88c02173,Starla,Auten,c865164c-9eb6-46a3-a703-1c0099cf9c3c,,,,
5/14/2020,5acf4175-3bb1-41e4-973b-7f772991ac50,Shirley,Shieldon,2a2d0bd7-0003-4c4e-bbd1-5ee69856cb0e,,,,
5/14/2020,a2471a79-e2a4-4a52-9631-17e9f7fb2bd1,Ammamaria,Frangello,3b58236f-4a99-4fe9-b6ba-686f54456035,,,,
5/14/2020,54547bc7-9bf3-4ce8-9fb5-c5f2cb181931,Rosabella,Lipgens,81da307f-ea0d-49ea-a04e-744c8ca28cf9,,,,
5/14/2020,bd291f4c-911e-4076-83e9-efc9bbc8ae93,Hamel,Maier,31fef7db-17a0-475a-a3ba-876aaf01c759,,,,
5/14/2020,b7ca3129-3bc1-48b3-923b-310b297cf078,Xylina,Huygen,cc53049b-95f9-49e2-917f-9d937ed442e0,,,,
5/14/2020,90f3ee04-a78f-4069-9567-ed756ca6705e,Meara,Prescote,7cf57e6e-3f0b-41d3-8428-617bcade9835,,,,
5/14/2020,380a8a6c-e375-45cc-aa0e-d4e430f320c9,Zak,Guilder,ec8f5ea3-5cb3-4215-9d97-5758777ac490,,,,
5/14/2020,9c75d41d-e175-47ca-bd68-144ec431bf67,Babbette,Elan,5af87676-a62f-42a5-b928-ecf911f7b9be,,,,
5/14/2020,9026983f-37a2-41df-bf5b-cf27ff1e19b8,Eleonora,Anthona,602cebfe-043f-4290-88fc-1f8730f7d0ec,,,,
5/14/2020,8a58c0e4-8baa-4ba3-ba49-a99833969793,Web,Cesconi,65ba487a-f41e-48e6-be8e-d47fca5d1c7d,,,,
5/14/2020,4e5ab036-afe7-417d-8147-34308006ae81,Bendite,Killik,1aa5864d-f8c2-4595-ab91-eb3f22ed6c31,,,,
5/14/2020,38011f9a-d05f-42af-b4c3-07efcbf30fa3,Barr,McQuorkel,394cba72-3680-4066-ad46-8a139e92b390,,,,
5/14/2020,4d5d2d43-3ec3-42c3-a53e-4d2d99f7f050,Crysta,Waren,1f451ac1-02da-4b2d-a6cf-bfb18c12d5b0,,,,
5/14/2020,6f42fbaa-4258-42a8-a80b-a07bf4e88ff0,Cthrine,Thebe,5ec5aeb2-94f4-4c89-838f-c544f9e19165,,,,
